Episode,Steps Done,Lost Counter,Done Counter,Epsilon,Instant Reward,Cummulative Reward
0,299,0,0,0.009805777009634588,22437.933447448657,25567251.727476824
1,185,1,0,0.009805777009634588,6694.037103267638,25573945.764580093
